Primary Table	Column name	Column description	Data Type
affiliate	id	TCRD identifier, Primary key	int(10) unsigned
affiliate	source	Source name	varchar(255)
affiliate	display_name	Source display name	varchar(255)
affiliate	description	Source description	varchar(255)
alias	id	Alias identifier, Primary key	int(11)
alias	protein_id	Foreign key to column id in table protein	int(11)
alias	type	Alias type	enum('symbol','uniprot')
alias	value	String containing the target alias (synonym) value	varchar(255)
alias	dataset_id	Foreign key to column id in table dataset.	int(11)
ancestry_do	oid	Foreign key to column doid in table do	varchar(12)
ancestry_do	ancestor_id	Foreign key to column doid in table do	varchar(12)
ancestry_dto	oid	Foreign key to column dtoid in table dto	varchar(255)
ancestry_dto	ancestor_id	Foreign key to column dtoid in table dto	varchar(255)
ancestry_mondo	oid	Foreign key to column mondoid in table mondo	varchar(20)
ancestry_mondo	ancestor_id	Foreign key to column mondoid in table mondo	varchar(20)
ancestry_uberon	oid	Foreign key to column uid in table uberon	varchar(20)
ancestry_uberon	ancestor_id	Foreign key to column uid in table uberon	varchar(20)
cmpd_activity	id	TCRD compound identifier and Primary key	int(11)
cmpd_activity	target_id	Foreign key to column id in table target	int(11)
cmpd_activity	catype	Foreign key to column name in table cmpd_activity_type	varchar(255)
cmpd_activity	cmpd_id_in_src	Source compound ID	varchar(255)
cmpd_activity	cmpd_name_in_src	Source compound name	text
cmpd_activity	smiles	Compound structure in SMILES format	text
cmpd_activity	act_value	Bioactivity measurement value	decimal(10,8)
cmpd_activity	act_type	Bioactivity measurement type	varchar(255)
cmpd_activity	reference	Literature reference	text
cmpd_activity	pubmed_ids	PubMed IDs	text
cmpd_activity	cmpd_pubchem_cid	PubChem CID	int(11)
cmpd_activity	lychi_h4	The NCATS Layered Chemical Identifier (LyChI)	varchar(15)
cmpd_activity_type	name	Name of the source for the compound activity data	varchar(255)
cmpd_activity_type	description	Description of the source for the compound activity data	text
data_type	name	Data type name and Primary key	varchar(7)
dataset	id	TCRD identifier and Primary key	int(11)
dataset	name	Name of the dataset	varchar(255)
dataset	source	source of the dataset	text
dataset	app	Application used for the dataset	varchar(255)
dataset	app_version	Version of the application	varchar(255)
dataset	datetime	Updated date and time	timestamp
dataset	url	URL for the application	text
dataset	comments	Comments on dataset	text
dbinfo	dbname	Name of the database	varchar(16)
dbinfo	schema_ver	Version of the database schema	varchar(16)
dbinfo	data_ver	Version of the data	varchar(16)
dbinfo	owner	Name of the owner	varchar(16)
dbinfo	is_copy	Indicates if the database is copy of any other database	tinyint(1)
dbinfo	dump_file	Database dump file	varchar(64)
disease	id	Primary key	int(11)
disease	dtype	Foreign key to column name in table disease_type.	varchar(255)
disease	protein_id	Foreign key to column id in table protein.	int(11)
disease	nhprotein_id	Foreign key to column id in table nhprotein.	int(11)
disease	name	Disease name	text
disease	ncats_name	NCATS disease name	text
disease	did	"Disease identifier (DOID, UMLS, MESH, AmyCo, OrphaNet, or NCBIGene)	"	varchar(20)
disease	evidence	"Evidence of association between target and disease	"	text
disease	zscore	Standard score for the strength of association between target and disease	decimal(5,3)
disease	conf	Confidence level for the strength of association between target and disease	decimal(2,1)
disease	description	Disease description	text
disease	reference	Empty (reserved for future use)	varchar(255)
disease	drug_name	"Drug indicated for a specific disease, having a pharmacological mechanism of action by acting of a specific target	"	text
disease	log2foldchange	"Differential expression log2 fold-change for differentially expressed gene in disease patient tissue versus matched normal tissue in Expression Atlas	"	decimal(5,3)
disease	pvalue	p-value for differentially expressed gene in disease patient tissue versus matched normal tissue in Expression Atlas	varchar(255)
disease	score	DisGeNET score for gene-disease association	decimal(16,15)
disease	source	Source of target-disease association	varchar(255)
disease	O2S	Monarch object-to-subject score	decimal(16,13)
disease	S2O	Monarch subject-to-object score	decimal(16,13)
disease	mondoid	Foreign key to column mondoid in table mondo	varchar(20)
disease	updated	?	tinyint(1)
disease_type	name	Name of the source for the target-disease association  data	varchar(255)
disease_type	description	Description of the source for the target-disease association data	text
do	doid	Disease ontology identifier (from https://disease-ontology.org) 	varchar(12)
do	name	Disease name	text
do	def	Disease definitio	text
do_parent	doid	Disease identifier (foreign key to column doid in table do)	varchar(12)
do_parent	parent_id	Parent disease identifier (foreign key to column doid in table do)	varchar(12)
drgc_resource	id	TCRD identifier for the drgc_resource table containing links and metadata about the resources generated by the Illuminating the druggable genome (IDG) experimental data and resource generation centers (DRGC)	int(11)
drgc_resource	rssid	Resource Submission System (RSS) identifier	text
drgc_resource	resource_type	Resource type	varchar(255)
drgc_resource	target_id	Foreign key to column id in table target.	int(11)
drgc_resource	json	Resource metadata in json format	text
drug_activity	id	TCRD drug activity identifier	int(11)
drug_activity	target_id	Foreign key to column id in table target.	int(11)
drug_activity	drug	Drug name	varchar(255)
drug_activity	act_value	Bioactivity measurement value	decimal(10,8)
drug_activity	act_type	Bioactivity measurement type	varchar(255)
drug_activity	action_type	Pharmacological action type	varchar(255)
drug_activity	has_moa	Boolean flag indicating whether or not the drug has a Mechanism of Action as defined by DrugCentral	tinyint(1)
drug_activity	source	Source of knowledge	varchar(255)
drug_activity	reference	Source URL	text
drug_activity	smiles	Drug structure in SMILES format	text
drug_activity	cmpd_chemblid	ChEMBL molecule ID	varchar(255)
drug_activity	nlm_drug_info	Drug mechanism of action (where available) as described in the drug label.	text
drug_activity	cmpd_pubchem_cid	PubChem CID	int(11)
drug_activity	dcid	DrugCentral ID (drug compound)	int(11)
drug_activity	lychi_h4	The NCATS Layered Chemical Identifier (LyChI) is a chemical standardization tool that generates a unique hash for chemicals that is layered and used for quick fuzzy uniqueness checks and searches. A unique feature of the LyChI hash keys is that they are, to a certain extent, lexicologically meaningful (https://github.com/ncats/lychi). Level 4 of the identifier is used here.	varchar(15)
dto	dtoid	Drug Target Ontology (DTO) identifier (from http://drugtargetontology.org/)	varchar(255)
dto	name	DTO term name	text
dto	parent_id	DTO identifier for parent term (foreign key to column dtoid in table dto)	varchar(255)
dto	def	DTO term definition	text
expression	id	TCRD identifier for expression table	int(11)
expression	etype	Foreign key to column name in table expression_type.	varchar(255)
expression	protein_id	Foreign key to column id in table protein.	int(11)
expression	source_id	?	varchar(20)
expression	tissue	Tissue where expression was measured	varchar(255)
expression	tissue_id	Foreign key to column id in table tissue.	int(11)
expression	qual_value	Qualitative level of expression	enum('Not detected','Low','Medium','High')
expression	number_value	Numeric value of expression	decimal(12,6)
expression	expressed	Binary expression flag (1 or 0)	tinyint(4)
expression	source_rank	Rank among expression values (qual_value)	decimal(12,6)
expression	evidence	Level of evidence	varchar(255)
expression	oid	Tissue ontology ID	varchar(20)
expression	uberon_id	Foreign key to column uid in table uberon.	varchar(20)
extlink	id	TCRD external link identifier	int(11)
extlink	protein_id	Foreign key to column id in table protein	int(11)
extlink	source	Source of external link	enum('GlyGen','Prokino','Dark Kinome','Reactome','ClinGen','GENEVA','TIGA','RESOLUTE','ARCHS4','PubChem')
extlink	url	URL of external link	text
gene_attribute	id	TCRD identifier for gene_attribute table	int(11)
gene_attribute	protein_id	Foreign key to column id in table protein.	int(11)
gene_attribute	gat_id	Foreign key to column id in table gene_attribute_type.	int(11)
gene_attribute	name	Gene attribute name	text
gene_attribute	value	Gene attribute value	int(11)
gene_attribute_type	id	TCRD identifier for the gene_attribute_type table	int(11)
gene_attribute_type	name	Name of data source for gene attribute types	varchar(255)
gene_attribute_type	association	Type of association	text
gene_attribute_type	description	Description of data source	text
gene_attribute_type	resource_group	Type of data source	enum('omics','genomics','proteomics','physical interactions','transcriptomics','structural or functional annotations','disease or phenotype associations')
gene_attribute_type	measurement	Type of measurement or literature curation to establish association	varchar(255)
gene_attribute_type	attribute_group	Gene attribute group	varchar(255)
gene_attribute_type	attribute_type	Gene attribute type	varchar(255)
gene_attribute_type	pubmed_ids	Pubmed IDs of reference papers	text
gene_attribute_type	url	URL of data source	text
generif	id	TCRD identifier for the Gene Reference into Function table	int(11)
generif	protein_id	Foreign key to column id in table protein.	int(11)
generif	gene_id	TCRD identifier	int(11)
generif	text	Gene Reference into Function (GeneRIF) text	text
generif	date	"Date when the reference papers were published 	"	datetime
generif2pubmed	generif_id	Foreign key to column id in table generif.	int(11)
generif2pubmed	pubmed_id	PubMed ID	int(11)
goa	id	TCRD identifier for the Gene Ontology table	int(11)
goa	protein_id	Foreign key to column id in table protein.	int(11)
goa	go_id	GO term id	varchar(255)
goa	go_term	GO term name	text
goa	evidence	Type of evidence	text
goa	goeco	Evidence and Conclusion Ontology (ECO) terms that describe types of evidence and assertion methods as described at https://evidenceontology.org/	varchar(255)
goa	assigned_by	Data source for GO term	varchar(50)
goa	go_type	Type of GO term	enum('Component','Function','Process')
goa	go_term_text	GO term text	text
gtex	id	TCRD identifier for the Genotype-Tissue Expression (GTEx) table	int(11)
gtex	protein_id	Foreign key to column id in table protein	int(11)
gtex	tissue	GTEx tissue name	text
gtex	tpm	Gene and transcript expression shown in Transcripts Per Million (TPM) units	decimal(12,6)
gtex	tpm_female	Transcripts per million (TPM) - female	decimal(12,6)
gtex	tpm_female_rank	Female Rank percentile [0-1]	decimal(4,3)
gtex	tpm_male	Transcripts per million (TPM) - male	decimal(12,6)
gtex	tpm_male_rank	Male Rank percentile [0-1]	decimal(4,3)
gtex	tpm_rank	Rank percentile [0-1]	decimal(4,3)
gtex	uberon_id	UBERON ID for tissue	varchar(20)
gwas	id	TCRD identifier for the Genome Wide Association Studies (GWAS) data table	int(11)
gwas	protein_id	Foreign key to column id in table protein.	int(11)
gwas	disease_trait	TCRD identifier for the GWAS table	varchar(255)
gwas	snps	SNP IDs (RefSNP or other)	text
gwas	pmid	PubMed ID	int(11)
gwas	study	Study name	text
gwas	context	SNP functional class	text
gwas	intergenic	Is SNP integenic?	tinyint(1)
gwas	p_value	p-value for association	double
gwas	or_beta	Odds ratio (OR) or Beta value as measures of effect size	float
gwas	cnv	Copy number variation	char(1)
gwas	mapped_trait	EFO mapped trait (name)	text
gwas	mapped_trait_uri	EFO mapped trait (URI)	text
hgram_cdf	id	TCRD identifier for the Harmonogram CDF data	int(11)
hgram_cdf	protein_id	Foreign key to column id in table protein.	int(11)
hgram_cdf	type	Foreign key to column name in table gene_attribute_type.	varchar(255)
hgram_cdf	attr_count	Gene attribute count	int(11)
hgram_cdf	attr_cdf	Gene attribute CDF (cummulative distribution function)	decimal(17,16)
info_type	name	Name of the info_type and Primary key	varchar(255)
info_type	data_type	Foreign key to column name in data_type.	varchar(7)
info_type	unit	Unit of information value	varchar(255)
info_type	description	Description of the info_type	text
input_version	source_key	TCRD identifier and Primary key	varchar(45)
input_version	data_source	Source of the data	varchar(45)
input_version	file_key	Primary key	varchar(45)
input_version	file	File containing data of the source	varchar(256)
input_version	version	Version of the file	varchar(45)
input_version	release_date	File released date	date
input_version	download_date	File downloaded date	date
kegg_distance	id	TCRD identifier for kegg_distance table	int(11)
kegg_distance	pid1	Foreign key to column id in table protein.	int(11)
kegg_distance	pid2	Foreign key to column id in table protein.	int(11)
kegg_distance	distance	Shortest path distance from KEGG Pathways between two proteins	int(11)
kegg_nearest_tclin	id	TCRD identifier for kegg_nearest_tclin table	int(11)
kegg_nearest_tclin	protein_id	Foreign key to column id in table protein.	int(11)
kegg_nearest_tclin	tclin_id	Foreign key to column id in table target	int(11)
kegg_nearest_tclin	direction	Direction to nearest Tclin target	enum('upstream','downstream')
kegg_nearest_tclin	distance	Distance to neareast upstream and downstream Tclin from KEGG Pathways	int(11)
knex_migrations	id	TCRD Identifier and Primary key	int(10) unsigned
knex_migrations	name	Name of the migrated data	varchar(255)
knex_migrations	batch	Batch of the migrated data	int(11)
knex_migrations	migration_time	Migration time of the data	timestamp
knex_migrations_lock	index	?	int(10) unsigned
knex_migrations_lock	is_locked	?	int(11)
lincs	id	TCRD identifier for the LINCS table	int(11)
lincs	protein_id	Foreign key to column id in table protein.	int(11)
lincs	cellid	ATCC cell line	varchar(10)
lincs	zscore	Z-score of the differential expression values for the specific gene	decimal(8,6)
lincs	pert_dcid	DrugCentral ID for perturbagen drug	int(11)
lincs	pert_smiles	Chemical structure in SMILES format for perturbagen drug	text
locsig	id	TCRD identifier for the LocSigDB table	int(11)
locsig	protein_id	Foreign key to column id in table protein.	int(11)
locsig	location	Cellular location of protein	varchar(255)
locsig	signal	Generic structure of protein localization sign...	varchar(255)
locsig	pmids	PubMed references	text
mondo	mondoid	TCRD identifier and Primary key	varchar(20)
mondo	name	Name of the data	text
mondo	def	Definition of the data	text
mondo	comment	Comments on data	text
mondo_parent	mondoid	Foreign key to column mondoid in table mondo.	varchar(20)
mondo_parent	parentid	Parentid of the table	varchar(20)
mondo_xref	id	TCRD identifier and Primary key	int(11)
mondo_xref	mondoid	Foreign key to column mondoid in table mondo.	varchar(20)
mondo_xref	db	Database name, prefix	varchar(24)
mondo_xref	value	Xref ID withtout prefix	varchar(255)
mondo_xref	equiv_to	Indicates if the data is equivalent to 	tinyint(1)
mondo_xref	source_info	Source_Info of the data	text
mondo_xref	xref	Xref ID with prefix	varchar(255)
mpo	mpid	Mammalian Phenotype Ontology (MPO) term ID	char(10)
mpo	parent_id	MPO parent term ID	varchar(10)
mpo	name	MPO term name	text
mpo	def	MPO term definition	text
ncats_d2da	ncats_disease_id	TCRD Identifier for ncats_disease	int(10) unsigned
ncats_d2da	disease_assoc_id	Disease association ID	int(11)
ncats_d2da	direct	?	tinyint(1)
ncats_dataSource	dataSource	TCRD identifier and Primary key	varchar(50)
ncats_dataSource	dataSourceDescription	Description of data source	varchar(512)
ncats_dataSource	url	URL for ncats_dataSource	varchar(128)
ncats_dataSource	license	License information	varchar(128)
ncats_dataSource	licenseURL	URL for license information	varchar(128)
ncats_dataSource	citation	Indicates if cited	varchar(512)
ncats_dataSource_map	id	TCRD identifier and Primary key	int(10) unsigned
ncats_dataSource_map	dataSource	Name of the datasource	varchar(50)
ncats_dataSource_map	url	URL for the datasource	varchar(128)
ncats_dataSource_map	license	License information	varchar(128)
ncats_dataSource_map	licenseURL	URL for license information	varchar(128)
ncats_dataSource_map	protein_id	Foreign key to column id in table protein.	int(11)
ncats_dataSource_map	ncats_ligand_id	Foreign key to column id in table ncats_ligands.	int(10) unsigned
ncats_dataSource_map	disease_name	Name of the disease	text
ncats_disease	id	TCRD identifier and Primary key	int(10) unsigned
ncats_disease	name	Name of the disease	varchar(255)
ncats_disease	uniprot_description	UniProt disease description	text
ncats_disease	do_description	Disease Ontology disease description	text
ncats_disease	mondo_description	MONDO disease description	text
ncats_disease	mondoid	Foreign key to column mondoid in table mondo.	varchar(20)
ncats_disease	maxTDL	Maximum Target Dev Level (TDL) of associated targets	varchar(6)
ncats_disease	target_count	Count of the associated targets	int(11)
ncats_disease	direct_target_count	Count of directly associated targets (not to child term)	int(11)
ncats_disease	gard_rare	Rare disease according to NCATS GARD database	tinyint(1)
ncats_disease_ancestry	id	TCRD identifier and Primary key	int(10) unsigned
ncats_disease_ancestry	ncats_disease_id	Foreign key to column id in table ncats_disease.	int(10) unsigned
ncats_disease_ancestry	ancestor	Ancestor disease name	varchar(256)
ncats_disease_ancestry	mondoid	Ancestor MONDO identifier	varchar(20)
ncats_ligand_activity	id	TCRD identifier and Primary key	int(10) unsigned
ncats_ligand_activity	ncats_ligand_id	Foreign key to column id in table ncats_ligands.	int(10) unsigned
ncats_ligand_activity	target_id	Foreign key to column id in table target.	int(11)
ncats_ligand_activity	smiles	SMILES of ligand	text
ncats_ligand_activity	act_value	Activity value	decimal(10,8)
ncats_ligand_activity	act_type	Activity type	varchar(255)
ncats_ligand_activity	action_type	Action type	varchar(255)
ncats_ligand_activity	reference	Information of reference	text
ncats_ligand_activity	reference_source	Source of the reference	varchar(255)
ncats_ligand_activity	pubmed_ids	TCRD identifier for pubmed	text
ncats_ligands	id	TCRD identifier number and Primary key	int(10) unsigned
ncats_ligands	identifier	TCRD identifier	varchar(255)
ncats_ligands	name	Name	text
ncats_ligands	isDrug	Indicates if it is a drug	tinyint(1)
ncats_ligands	smiles	SMILES of ligand	text
ncats_ligands	PubChem	PubChem compound ID of ligand	varchar(255)
ncats_ligands	ChEMBL	ChEMBL molecule ID of ligand	varchar(255)
ncats_ligands	Guide to Pharmacology	Guide to Pharmacology ID of ligand	varchar(255)
ncats_ligands	DrugCentral	DrugCentral ID of ligand	varchar(255)
ncats_ligands	description	Description	text
ncats_ligands	actCnt	Activity count	int(11)
ncats_ligands	targetCount	Target count	int(11)
ncats_ligands	unii	UNII ID	varchar(10)
ncats_ligands	pt	Preferred term/name	varchar(128)
ncats_p2da	id	TCRD identifier and Primary key	int(10) unsigned
ncats_p2da	name	Name of the disease	text
ncats_p2da	protein_id	Foreign key to column id in table protein.	int(11)
ncats_p2da	disease_assoc_id	Foreign key to column id in table disease.	int(11)
ncats_p2da	direct	Boolean direct association (true or false)	tinyint(1)
ncats_ppi	id	TCRD identifier and Primary key	int(10) unsigned
ncats_ppi	ppitypes	Indicates type and source of the protein-protein interaction (PPI)	varchar(255)
ncats_ppi	protein_id	Foreign key to column id in table protein.	int(11)
ncats_ppi	other_id	Foreign key to column id in table protein.	int(11)
ncats_ppi	p_int	?	decimal(10,9)
ncats_ppi	p_ni	?	decimal(10,9)
ncats_ppi	p_wrong	?	decimal(10,9)
ncats_ppi	evidence	?	varchar(255)
ncats_ppi	interaction_type	Indicates the type of the interaction	varchar(100)
ncats_ppi	score	Indicates score of the ppi	int(11)
ncats_typeahead_index	id	TCRD identifier and Primary key	int(10) unsigned
ncats_typeahead_index	category	Category of the index	varchar(45)
ncats_typeahead_index	value	Value of the index	varchar(255)
ncats_typeahead_index	reference_id	Reference id of the index	varchar(255)
nhprotein	id	TCRD identifier for the nhprotein table (NH = non-human)	int(11)
nhprotein	uniprot	UniProt entry ID	varchar(20)
nhprotein	name	UniProt entry ID	varchar(255)
nhprotein	description	UniProt protein name	text
nhprotein	sym	Gene symbol	varchar(30)
nhprotein	species	Organism	varchar(40)
nhprotein	taxid	UniProt taxonomy ID	int(11)
nhprotein	geneid	HGNC gene ID	int(11)
nih_list	id	TCRD identifier and Primary key	int(10) unsigned
nih_list	protein_id	Foreign key to column id in table protein.	int(11)
nih_list	symbol	symbol of the data	varchar(20)
nih_list	family	Family to which the data belongs	varchar(20)
nih_list	nih_list	Foreign key to column id in table nih_list_type.	int(10) unsigned
nih_list_type	id	TCRD identifier and Primary key	int(10) unsigned
nih_list_type	list_type	Indicates the type of the list	varchar(255)
omim	mim	Phenotype Mendelian Inheritance in Man (MIM) number	int(11)
omim	title	Phenotype name	varchar(255)
omim_ps	id	TCRD identifier for the omim_ps table	int(11)
omim_ps	omim_ps_id	OMIM phenotypic series ID	char(8)
omim_ps	mim	Foreign key to column mim in table omim.	int(11)
omim_ps	title	Phenotypic series name	varchar(255)
ortholog	id	TCRD identifier for the HGNC Comparison of Orthology Predictions (HCOP) ortholog table	int(11)
ortholog	protein_id	Foreign key to column id in table protein.	int(11)
ortholog	taxid	UniProt taxonomy ID	int(11)
ortholog	species	Organism	varchar(255)
ortholog	db_id	HCOP ortholog database ID	varchar(255)
ortholog	geneid	HGNC gene ID	int(11)
ortholog	symbol	Gene symbol	varchar(255)
ortholog	name	Human protein name	varchar(255)
ortholog	mod_url	Model organism database URL	text
ortholog	sources	Data sources	varchar(255)
ortholog_disease	id	TCRD identifier for the ortholog-disease association table	int(11)
ortholog_disease	protein_id	Foreign key to column id in table protein.	int(11)
ortholog_disease	did	Disease ID	varchar(255)
ortholog_disease	name	Disease name	varchar(255)
ortholog_disease	ortholog_id	Foreign key to column id in table ortholog.	int(11)
ortholog_disease	score	Ortholog-disease association score	varchar(255)
p2dto	dtoid	Drug Target Ontology (DTO) ID	varchar(255)
p2dto	protein_id	TCRD protein ID	int(11)
p2dto	generation	?	int(11)
p2pc	panther_class_id	Foreign key to column id in table panther_class.	int(11)
p2pc	protein_id	Foreign key to column id in table protein.	int(11)
panther_class	id	TCRD identifier for the Panther protein classification system table	int(11)
panther_class	pcid	Panther class ID	char(7)
panther_class	parent_pcids	Panther class IDs for parents	varchar(255)
panther_class	name	Panther class name	text
panther_class	description	Empty (reserved for future use)	text
patent_count	id	TCRD identifier for the patent count table	int(11)
patent_count	protein_id	Foreign key to column id in table protein.	int(11)
patent_count	year	Year	int(11)
patent_count	count	Number of patents published in a certain year mentioning the specified protein target	int(11)
pathway	id	TCRD identifier for the pathway table	int(11)
pathway	target_id	Foreign key to column id in table target.	int(11)
pathway	protein_id	Foreign key to column id in table protein.	int(11)
pathway	pwtype	Foreign key to column name in table pathway_type.	varchar(255)
pathway	id_in_source	Pathway ID in the source database	varchar(255)
pathway	name	Pathway name	text
pathway	description	Empty (reserved for future use)	text
pathway	url	Pathway URL	text
pathway_type	name	Name of the pathway data source	varchar(255)
pathway_type	url	URL of the pathway data source	text
phenotype	id	TCRD identifier for the phenotype table	int(11)
phenotype	ptype	Foreign key to column name in table phenotype_type.	varchar(255)
phenotype	protein_id	Foreign key to column id in table protein.	int(11)
phenotype	nhprotein_id	Foreign key to column id in table nhprotein.	int(11)
phenotype	trait	Phenotype trait information	text
phenotype	top_level_term_id	Top level phenotype term ID	varchar(255)
phenotype	top_level_term_name	Top level phenotype term name	varchar(255)
phenotype	term_id	Phenotype term ID	varchar(255)
phenotype	term_name	Phenotype term name	varchar(255)
phenotype	term_description	Empty (reserved for future use)	text
phenotype	p_value	p-value of protein-phenotype association	double
phenotype	percentage_change	Measure of effect size for continuous data	varchar(255)
phenotype	effect_size	Effect size	varchar(255)
phenotype	procedure_name	Name of phenotyping procedure	varchar(255)
phenotype	parameter_name	Name of phenotyping parameter	varchar(255)
phenotype	gp_assoc	Gene-phenotype association flag	tinyint(1)
phenotype	statistical_method	Name of statistical procedure	text
phenotype	sex	Sex	varchar(8)
phenotype	original_id	?	int(11)
phenotype_type	name	Source of the phenotype data	varchar(255)
phenotype_type	ontology	Ontology used by source	varchar(255)
phenotype_type	description	Description of source	text
pmscore	id	TCRD identifier for the Jensen PubMed scores table	int(11)
pmscore	protein_id	Foreign key to column id in table protein.	int(11)
pmscore	year	Year for whom the score was computed	int(11)
pmscore	score	Score value	decimal(12,6)
ppi_type	name	Protein-protein interaction (PPI) data source	varchar(255)
ppi_type	description	PPI data source description	text
ppi_type	url	PPI data source description	text
protein	id	TCRD protein identifier	int(11)
protein	name	UniProt entry name	varchar(255)
protein	description	Uniprot recommended protein name	text
protein	uniprot	UniProt ID	varchar(20)
protein	up_version	UniProt ID version	int(11)
protein	geneid	NCBI gene ID	int(11)
protein	sym	Protein symbol	varchar(20)
protein	family	Uniprot family and domains information derived from sequence similarities	varchar(255)
protein	chr	Chromosome	varchar(255)
protein	seq	Protein sequence	text
protein	dtoid	DTO ID	varchar(13)
protein	stringid	Ensembl protein ID (as used by STRING-DB)	varchar(15)
protein	dtoclass	DTO class	varchar(255)
protein	preferred_symbol	Indicates the preferred symbol	varchar(20)
protein2pubmed	protein_id	Foreign key to column id in table protein.	int(11)
protein2pubmed	pubmed_id	Foreign key to column id in table pubmed	int(11)
protein2pubmed	gene_id	Indicates gene identification number	int(11)
protein2pubmed	source	Source of the protein	varchar(45)
provenance	id	TCRD identifier and Primary key	int(11)
provenance	dataset_id	Foreign key to column id in table dataset.	int(11)
provenance	table_name	Indicates table name	varchar(255)
provenance	column_name	Indicates column name	varchar(255)
provenance	where_clause	Represents the where clause used	text
provenance	comment	Shows the comments on data	text
ptscore	id	TCRD identifier for the PubTator scores table	int(11)
ptscore	protein_id	Foreign key to column id in table protein.	int(11)
ptscore	year	Year for whom the score was computed	int(11)
ptscore	score	Score value	decimal(12,6)
sequence_annotation	id	TCRD identifier and Primary key	int(10) unsigned
sequence_annotation	dataSource	Indicates the source of the data	varchar(255)
sequence_annotation	protein_id	Foreign key to column id in table protein.	int(11)
sequence_annotation	residue_start	Starting position of protein residue	int(11)
sequence_annotation	residue_end	Ending position of protein residue	int(11)
sequence_annotation	type	Represents the types of the annotation	enum('Activation Loop','Activation Segment','alphaC-beta4 Loop','CMGC Insert','Gatekeeper','Linker','KeyAA','Motif','beta-strand','alpha-helix','C-Lobe','C-Spine','RD Pocket','Catalytic Loop','Glycine Loop','N-Lobe','R-Spine','R-Spine Shell','Subdomain')
sequence_annotation	name	Name of the annotation	varchar(255)
sequence_variant	id	TCRD identifier and Primary key	int(10) unsigned
sequence_variant	dataSource	Indicates the source of the data	varchar(255)
sequence_variant	protein_id	Foreign key to column id in table protein.	int(11)
sequence_variant	residue	Residue number	int(11)
sequence_variant	variant	Variant of the sequence	varchar(1)
sequence_variant	bits	?	float(12,11)
t2tc	target_id	Foreign key to column id in table target.	int(11)
t2tc	protein_id	Foreign key to column id in table protein.	int(11)
t2tc	nucleic_acid_id	Foreign key to the (future) nucleic_acid table	int(11)
target	id	TCRD target identifier	int(11)
target	name	Target name	varchar(255)
target	ttype	Reserved for future use - now only Single Protein	varchar(255)
target	description	Empty (reserved for future use)	text
target	comment	Empty (reserved for future use)	text
target	tdl	Target development level, as defined at http://juniper.health.unm.edu/tcrd/	enum('Tclin+','Tclin','Tchem+','Tchem','Tbio','Tgray','Tdark')
target	idg	Flag to mark if protein is on the IDG understudied proteins list (1) or not (0)	tinyint(1)
target	fam	Major target family	enum('Enzyme','Epigenetic','GPCR','IC','Kinase','NR','oGPCR','TF','TF; Epigenetic','Transporter')
target	famext	Target family	varchar(255)
tdl_info	id	TCRD identifier for the Target Developmen Level (TDL) information table	int(11)
tdl_info	itype	Foreign key to column name in table info_type.	varchar(255)
tdl_info	target_id	Foreign key to column id in table target.	int(11)
tdl_info	protein_id	Foreign key to column id in table protein.	int(11)
tdl_info	nucleic_acid_id	Empty (reserved for future use)	int(11)
tdl_info	string_value	URL link or textual description of information used in computing TDL levels	text
tdl_info	number_value	Information in numerical (floating point) format (Jensen Pubmed or Pubtator scores, etc)	decimal(12,6)
tdl_info	integer_value	Information in integer format (antibody count, etc)	int(11)
tdl_info	date_value	Empty (reserved for future use)	date
tdl_info	boolean_value	Binary information (Is Transcription Factor)	tinyint(1)
tdl_info	curration_level	Empty (reserved for future use)	varchar(50)
tiga	id	TCRD TIGA association ID	int(11)
tiga	protein_id	Foreign key to column id in table protein.	int(11)
tiga	ensg	Ensembl gene ID	varchar(15)
tiga	efoid	EFO ID (trait ID)	varchar(15)
tiga	trait	Trait name (from EFO)	varchar(255)
tiga	n_study	Number of studies for this gene-trait association	int(11)
tiga	n_snp	Number of SNPs for this gene-trait association	int(11)
tiga	n_snpw	Number of SNPs for this gene-trait pair, weighted by SNP-gene distance	decimal(6,3)
tiga	geneNtrait	Number of traits associated with this gene	int(11)
tiga	geneNstudy	Number of studies associated with this gene	int(11)
tiga	traitNgene	Number of genes associated with this trait	int(11)
tiga	traitNstudy	Number of studies associated with this trait	int(11)
tiga	pvalue_mlog_median	median(-log(pvalue))	decimal(7,3)
tiga	pvalue_mlog_max	max(-log(pvalue))	decimal(8,3)
tiga	or_median	median(OR)	decimal(8,3)
tiga	n_beta	Number of beta values for this gene-trait association	int(11)
tiga	study_N_mean	mean(N) for studies supporting this association	int(11)
tiga	rcras	Relative Citation Ratio Aggregate Score	decimal(5,3)
tiga	meanRank	mean rank for selected gene-trait association variables (see TIGA documentation for list)	decimal(18,12)
tiga	meanRankScore	100 - percentile(meanRank)	decimal(18,14)
tiga	ncats_disease_id	Foreign key to column id in table ncats_disease.	int(10) unsigned
tiga_provenance	id	TCRD TIGA provenance ID	int(11)
tiga_provenance	ensg	Ensembl gene ID	varchar(15)
tiga_provenance	efoid	EFO ID (trait ID)	varchar(15)
tiga_provenance	study_acc	GWAS Catalog study accession	varchar(20)
tiga_provenance	pubmedid	PubMed ID	int(11)
tinx_disease	doid	Disease DOID	varchar(20)
tinx_disease	name	Disease name	text
tinx_disease	summary	Disease summary	text
tinx_disease	score	TIN-X disease novelty score (Cannon et al., 2017)	decimal(34,16)
tinx_importance	doid	Foreign key to column doid in table tinx_disease.	varchar(20)
tinx_importance	protein_id	Foreign key to column id in table protein.	int(11)
tinx_importance	score	TIN-X importance score (Cannon et al., 2017)	decimal(34,16)
tinx_novelty	id	"TCRD identifier for the TIN-X target novelty table	"	int(11)
tinx_novelty	protein_id	Foreign key to column id in table protein.	int(11)
tinx_novelty	score	TIN-X target novelty score (Cannon et al., 2017)	decimal(34,16)
tissue	id	TCRD identifier and Primary key	int(11)
tissue	name	Name of the tissue	varchar(255)
uberon	uid	Uber-anatomy ontology (Uberon) entity identifier	varchar(30)
uberon	name	Uberon entity name	text
uberon	def	Uberon entity definition	text
uberon	comment	Uberon entity comment	text
uberon_parent	uid	Foreign key to column uid in table uberon.	varchar(30)
uberon_parent	parent_id	Foreign key to column uid in table uberon.	varchar(30)
uberon_xref	uid	Uberon ID to be mapped to an external ontology - Foreign key to column uid in table uberon.	varchar(30)
uberon_xref	db	External ontology	varchar(24)
uberon_xref	value	External ontology term ID	varchar(255)
viral_ppi	id	TCRD identifier for the viral_ppi table, storing experimental and inferred interactions between pathogen and human proteins	int(11)
viral_ppi	viral_protein_id	Foreign key to column id in table viral_protein.	int(11)
viral_ppi	protein_id	Foreign key to column id in table protein.	int(11)
viral_ppi	dataSource	Data source for pathogen-human proteins ininteraction	varchar(20)
viral_ppi	finalLR	Combined likelihood ratio of interaction	decimal(20,12)
viral_ppi	pdbIDs	PDB structure ID(s) of pathogen-human protein complexes	varchar(128)
viral_ppi	highConfidence	"Binary flag for the level of interaction confidence	"	tinyint(4)
viral_protein	id	TCRD identifier for the viral protein table	int(11)
viral_protein	name	Viral protein name	varchar(128)
viral_protein	ncbi	Viral protein NCBI ID	varchar(128)
viral_protein	virus_id	Foreign key to column virusTaxid in table virus.	varchar(16)
virus	virusTaxid	Virus taxonomy ID	varchar(16)
virus	nucleic1	Level 1 in the Baltimore virus classification system (https://viralzone.expasy.org/254)	varchar(128)
virus	nucleic2	Level 2 in the Baltimore virus classification system (https://viralzone.expasy.org/254)	varchar(128)
virus	order	Virus order in the official virus taxonomy developed by the International Committee on Taxonomy of Viruses (ICTV)	varchar(128)
virus	family	Virus family	varchar(128)
virus	subfamily	Virus subfamily	varchar(128)
virus	genus	Virus genus	varchar(128)
virus	species	Virus species	varchar(128)
virus	name	Virus strain	varchar(128)
word_count	word	TCRD identifier and Primary key	varchar(128)
word_count	count	Indicates the count of the word	int(11)
xref	id	TCRD identifier for the external references table	int(11)
xref	xtype	Foreign key to column name in table xref_type	varchar(255)
xref	target_id	Foreign key to column id in table target	int(11)
xref	protein_id	Foreign key to column id in table protein.	int(11)
xref	nucleic_acid_id	Empty (reserved for future use)	int(11)
xref	value	External reference value	varchar(255)
xref	xtra	Additional info about the xref value	varchar(255)
xref	dataset_id	Foreign key to column id in table dataset.	int(11)
xref	nhprotein_id	Foreign key to column id in table nhprotein.	int(11)
xref_type	name	External reference resource name	varchar(255)
xref_type	description	External reference resource description	text
xref_type	url	Empty (reserved for future use)	text
xref_type	eg_q_url	Empty (reserved for future use)	text
